id,username,password,email,phone,is_active,role_id,is_approved,approved_by
1,admin,adminpass,admin@flyorashop.com,0792568120,1,1,1,NULL
2,owner1,ownerpass,owner@flyorashop.com,0987654321,1,2,1,1
3,staff1,staffpass,staff@flyorashop.com,0785261442,1,3,1,1
4,customer1,adminpass,customer1@flyorashop.com,1234567889,1,4,1,1
6,customer3,pass3,customer3@flyora.com,0965482135,1,4,1,1
7,customer4,pass4,customer4@flyora.com,0933269587,1,4,1,1
8,Huntrot,123,captainparrot13042005@gmail.com,0942921287,1,4,1,NULL
9,test1,12345678,test1@gmail.com,012345678,1,4,1,NULL
10,T,123,captainparrot13042005@gmail.com,0942921287,1,4,1,NULL
11,test2,123,test2@birdshop.com,0987654321,1,4,1,NULL
12,ndinhuy,123,ndinhuy@gmail.com,0355168345,1,4,1,NULL
13,Chang,123,ntrang21102005@gmail.com,0938420935,1,4,1,NULL
14,tester13,123456,cus1@mail.com,0123456789,1,4,0,1
16,updated_user,newpass,newmail@mail.com,0999999999,1,3,1,1
17,hello,123,new@flyora.com,0987456321,1,4,1,1
18,hellokitty,123,hellokitty@flyora.com,0965874123,1,4,1,1
19,test2,123,test@flyora.com,0987456321,1,4,1,1
20,12345,123,123@flyora.com,0984563217,1,4,1,1
21,Trang,123,ntrang21102005@gmail.com,0987654325,1,3,0,1
22,Trang,123,ntrang21102005@gmail.com,0987654321,1,4,0,1
23,register_test,123456,ndinhuy@gmail.com,0355168345,1,4,1,NULL
24,register_test1,123456,oggysayhi@gmail.com,0355168345,1,4,1,NULL
25,han,33337777,buihongochan@gmail.com,0989767545,1,4,1,1
27,chimnon789,tu,t@t.com,01923413412,1,4,1,NULL
39,ParrotTester,123,captainparrot13042005@gmail.com,0942921287,1,4,1,NULL
41,lala,123,nt121@gmail.com,0963829822,1,4,1,NULL
42,panda,123456789,panda@flyorashop.vn,0123456789,1,4,1,1
45,aaa1,123,ntrang2110@gmail.com,0380323848,1,4,1,NULL
46,aaaa2,123,ntrang2110@gmail.com,0380323848,1,4,1,NULL
47,nhi,Nhitran16102005@,nhi@gmail.com,095612345,1,4,1,NULL
48,staff1,staffpass,nt2134@gmail.com,0913006367,1,2,1,NULL
49,owner,ownerpass,ht21@gmail.com,0967654656,1,2,1,NULL
