id,customer_id,code,status,created_at,total_amount,createdAt,totalAmount
1,1,DH-1E9360A0,Processing,"2025-06-21 11:35:12",NULL,NULL,NULL
2,1,DH-F2D405D7,Shipped,"2025-06-20 11:35:12",NULL,NULL,NULL
3,1,DH-CFE39300,Delivered,"2025-06-17 11:35:12",NULL,NULL,NULL
4,1,DH-DDE07E39,Cancelled,"2025-06-21 11:35:12",NULL,NULL,NULL
7,3,DH-0726290B,Delivered,"2025-06-19 15:03:12",NULL,NULL,NULL
8,4,DH-EFE1F864,Delivered,"2025-06-22 15:03:12",NULL,NULL,NULL
10,3,DH-85AE468E,Delivered,"2025-06-21 15:05:06",NULL,NULL,NULL
11,4,DH-38940E1F,Delivered,"2025-06-22 15:05:06",NULL,NULL,NULL
13,3,DH-6CE19F59,Shipped,"2025-06-21 15:05:06",NULL,NULL,NULL
14,4,DH-E4208EDB,Delivered,"2025-06-16 15:05:06",NULL,NULL,NULL
15,1,DH-531F2E52,Delivered,"2025-06-13 15:05:06",NULL,NULL,NULL
16,1,DH-0FBE745F,Delivered,"2025-06-15 15:05:06",NULL,NULL,NULL
17,1,DH-49F75B7D,Delivered,"2025-06-18 15:05:06",NULL,NULL,NULL
19,5,DH-F8A5A0F5,PENDING,"2025-07-04 07:46:17",NULL,NULL,NULL
37,NULL,DH-6E9CF8BE,PENDING,"2025-07-04 03:36:44",NULL,NULL,NULL
38,NULL,DH-12FB4B9C,PENDING,"2025-07-04 03:37:10",NULL,NULL,NULL
39,10,DH-2E61FB7C,PENDING,"2025-07-04 03:41:20",NULL,NULL,NULL
40,5,DH-37779268,PENDING,"2025-07-04 04:02:32",NULL,NULL,NULL
41,5,DH-43042DAE,PENDING,"2025-07-04 04:04:55",NULL,NULL,NULL
42,5,DH-E0409A0E,PENDING,"2025-07-04 04:05:59",NULL,NULL,NULL
43,5,DH-CA93D6B3,PENDING,"2025-07-04 04:12:12",NULL,NULL,NULL
44,5,DH-4AE61E49,PENDING,"2025-07-04 04:12:14",NULL,NULL,NULL
82,5,DH-A1CF7979,PENDING,"2025-07-16 23:02:25",NULL,NULL,NULL
87,1,DH-318B4F44,PENDING,"2025-07-17 10:17:55",NULL,NULL,NULL
88,1,DH-5E51D4B2,PENDING,"2025-07-17 10:18:05",NULL,NULL,NULL
89,1,DH-5742FDE7,PENDING,"2025-07-17 10:18:32",NULL,NULL,NULL
119,1,DH-5731C4F2,PENDING,"2025-07-20 19:38:45",NULL,NULL,NULL
120,1,DH-53AEF17C,PENDING,"2025-07-20 17:11:16",NULL,NULL,NULL
121,1,DH-ADBF7B60,Shipping,"2025-07-20 17:11:17",NULL,NULL,NULL
122,1,DH-8CB3A658,PENDING,"2025-07-20 17:11:19",NULL,NULL,NULL
123,1,DH-F45A2AB9,Shipping,"2025-07-20 17:11:19",NULL,NULL,NULL
124,1,DH-E14C3996,Shipping,"2025-07-20 17:11:19",NULL,NULL,NULL
125,1,DH-BF0E6256,Shipping,"2025-07-20 17:11:20",NULL,NULL,NULL
126,1,DH-9AE81868,Shipping,"2025-07-20 17:11:20",NULL,NULL,NULL
127,1,DH-3CAFBD1A,Shipping,"2025-07-20 17:11:20",NULL,NULL,NULL
128,1,DH-C4401BFE,PENDING,"2025-07-20 17:11:21",NULL,NULL,NULL
129,1,DH-64200F7A,Shipping,"2025-07-20 17:11:23",NULL,NULL,NULL
130,1,DH-379164BF,Shipping,"2025-07-20 17:14:49",NULL,NULL,NULL
144,4,DH-AAD41828,PENDING,"2025-07-21 22:24:18",NULL,NULL,NULL
146,4,DH-6C0E9DB8,PENDING,"2025-07-21 22:55:14",NULL,NULL,NULL
147,4,DH-FAD9BF2F,PENDING,"2025-07-21 23:07:18",NULL,NULL,NULL
148,4,DH-4C388BA8,PENDING,"2025-07-21 23:16:35",NULL,NULL,NULL
149,4,DH-CDDD5915,PENDING,"2025-07-21 23:30:01",NULL,NULL,NULL
150,4,DH-0BA2F5F1,PENDING,"2025-07-21 23:50:57",NULL,NULL,NULL
151,4,DH-455DBB3B,PENDING,"2025-07-21 23:54:09",NULL,NULL,NULL
152,4,DH-615D9F06,PENDING,"2025-07-22 00:08:39",NULL,NULL,NULL
153,4,DH-E24D8DFE,PENDING,"2025-07-22 00:13:44",NULL,NULL,NULL
154,4,DH-6B8B5C6A,PENDING,"2025-07-22 00:22:05",NULL,NULL,NULL
155,4,DH-6E780E5C,PENDING,"2025-07-22 11:04:25",NULL,NULL,NULL
156,4,DH-7E87AF71,PENDING,"2025-07-22 11:38:00",NULL,NULL,NULL
157,4,DH-AE8DB543,PENDING,"2025-07-22 12:07:39",NULL,NULL,NULL
158,4,DH-9D00684D,PENDING,"2025-07-22 12:57:02",NULL,NULL,NULL
159,4,DH-EC2528E8,PENDING,"2025-07-22 12:59:58",NULL,NULL,NULL
160,4,DH-4040C876,PENDING,"2025-07-22 13:10:46",NULL,NULL,NULL
161,4,DH-4452BDBE,PENDING,"2025-07-22 13:26:18",NULL,NULL,NULL
162,4,DH-FF7481EE,PENDING,"2025-07-22 14:00:02",NULL,NULL,NULL
163,4,DH-B4AA7ACA,PENDING,"2025-07-22 14:05:41",NULL,NULL,NULL
164,4,DH-4F3387EC,PENDING,"2025-07-22 14:10:34",NULL,NULL,NULL
165,4,DH-A193F1F0,PENDING,"2025-07-22 14:13:19",NULL,NULL,NULL
166,4,DH-175CB43A,PENDING,"2025-07-22 14:24:01",NULL,NULL,NULL
167,4,DH-72C2D59E,PENDING,"2025-07-22 15:59:59",NULL,NULL,NULL
168,4,DH-ABBEE5BD,PENDING,"2025-07-22 16:05:24",NULL,NULL,NULL
169,4,DH-12DB86E8,PENDING,"2025-07-22 17:45:06",NULL,NULL,NULL
170,4,DH-04B7196E,PENDING,"2025-07-22 21:49:04",NULL,NULL,NULL
171,4,DH-408614AE,PENDING,"2025-07-22 22:42:37",NULL,NULL,NULL
172,4,DH-54EF05DB,PENDING,"2025-07-23 14:08:50",NULL,NULL,NULL
173,4,DH-FB7072C5,PENDING,"2025-07-23 14:32:34",NULL,NULL,NULL
174,4,DH-7D17711D,PENDING,"2025-07-23 14:38:54",NULL,NULL,NULL
175,4,DH-30CB0D01,PENDING,"2025-07-23 15:03:20",NULL,NULL,NULL
176,4,DH-D751D3F4,PENDING,"2025-07-23 15:07:51",NULL,NULL,NULL
177,4,DH-F65851D1,PENDING,"2025-07-23 15:13:57",NULL,NULL,NULL
178,4,DH-4E9039D7,PENDING,"2025-07-24 00:23:41",NULL,NULL,NULL
179,4,DH-B49F4B37,PENDING,"2025-07-24 11:04:00",NULL,NULL,NULL
180,4,DH-4B82A455,PENDING,"2025-07-24 11:39:40",NULL,NULL,NULL
183,4,DH-000000B7,PENDING,"2025-07-24 14:42:03",NULL,NULL,NULL
184,4,NULL,PENDING,"2025-07-24 14:49:36",NULL,NULL,NULL
185,4,NULL,PENDING,"2025-07-24 14:55:37",NULL,NULL,NULL
188,NULL,188,Shipping,"2025-07-24 14:37:06",NULL,NULL,NULL
189,NULL,1753346788973,Shipping,"2025-07-24 15:36:43",NULL,NULL,NULL
191,4,1753348239810,PENDING,"2025-07-24 16:10:02",NULL,NULL,NULL
192,4,1753349838345,PENDING,"2025-07-24 16:36:27",NULL,NULL,NULL
193,4,1753350735244,PENDING,"2025-07-24 16:51:20",NULL,NULL,NULL
194,4,1753351166807,PENDING,"2025-07-24 16:59:27",NULL,NULL,NULL
195,4,1753351413652,PENDING,"2025-07-24 17:03:34",NULL,NULL,NULL
196,4,1753351731116,PENDING,"2025-07-24 17:08:51",NULL,NULL,NULL
197,4,1753352648019,PAID,"2025-07-24 17:24:08",NULL,NULL,NULL
198,4,1753353305188,PAID,"2025-07-24 17:35:05",NULL,NULL,NULL
199,4,1753353469105,PENDING,"2025-07-24 17:37:49",NULL,NULL,NULL
200,4,1753354841301,PENDING,"2025-07-24 18:00:41",NULL,NULL,NULL
201,4,1753358177933,CANCELLED,"2025-07-24 18:56:18",NULL,NULL,NULL
202,4,1753358241875,PENDING,"2025-07-24 18:57:22",NULL,NULL,NULL
203,4,1753358329787,PENDING,"2025-07-24 18:58:50",NULL,NULL,NULL
204,4,1753359392717,PENDING,"2025-07-24 19:16:33",NULL,NULL,NULL
205,4,1753359709992,CANCELLED,"2025-07-24 19:21:50",NULL,NULL,NULL
206,4,1753359843429,PENDING,"2025-07-24 19:24:03",NULL,NULL,NULL
207,4,1753359923686,CANCELLED,"2025-07-24 19:25:24",NULL,NULL,NULL
208,4,1753375325260,PENDING,"2025-07-24 23:42:05",NULL,NULL,NULL
209,4,1753377315780,PENDING,"2025-07-25 00:15:16",NULL,NULL,NULL
210,4,1753377516473,PENDING,"2025-07-25 00:18:36",NULL,NULL,NULL
211,4,1753377566785,PENDING,"2025-07-25 00:19:27",NULL,NULL,NULL
225,NULL,1753408892043,PENDING,"2025-07-25 02:01:32",NULL,NULL,NULL
233,4,1753432913068,PENDING,"2025-07-25 15:41:53",NULL,NULL,NULL
234,4,1753434179953,PENDING,"2025-07-25 16:03:00",NULL,NULL,NULL
235,4,1753434729835,PAID,"2025-07-25 16:12:10",NULL,NULL,NULL
236,4,1753435400629,PAID,"2025-07-25 16:23:21",NULL,NULL,NULL
237,4,1753435533905,PENDING,"2025-07-25 16:25:34",NULL,NULL,NULL
238,4,1753435798555,CANCELLED,"2025-07-25 16:29:59",NULL,NULL,NULL
241,38,1753604338644,PENDING,"2025-07-27 08:18:59",NULL,NULL,NULL
242,38,1753604344951,PENDING,"2025-07-27 08:19:05",NULL,NULL,NULL
243,38,1753604407645,PENDING,"2025-07-27 08:20:08",NULL,NULL,NULL
244,1,1753607825188,PENDING,"2025-07-27 09:17:05",NULL,NULL,NULL
245,1,1753608418275,Shipping,"2025-07-27 09:26:58",NULL,NULL,NULL
246,1,1753608465484,PAID,"2025-07-27 09:27:45",NULL,NULL,NULL
247,1,1753613097193,PENDING,"2025-07-27 10:44:57",NULL,NULL,NULL
248,1,1753613100291,PENDING,"2025-07-27 10:45:00",NULL,NULL,NULL
249,1,1753613102891,PENDING,"2025-07-27 10:45:03",NULL,NULL,NULL
250,1,1753613103388,PENDING,"2025-07-27 10:45:03",NULL,NULL,NULL
251,1,1753613109290,PENDING,"2025-07-27 10:45:09",NULL,NULL,NULL
252,1,1753613109390,PENDING,"2025-07-27 10:45:09",NULL,NULL,NULL
253,1,1753613110395,PAID,"2025-07-27 10:45:10",NULL,NULL,NULL
254,1,1753613341405,PAID,"2025-07-27 10:49:01",NULL,NULL,NULL
257,1,1753613688793,PAID,"2025-07-27 10:54:49",NULL,NULL,NULL
258,1,1753615204397,CANCELLED,"2025-07-27 11:20:04",NULL,NULL,NULL
259,41,1753651575242,PENDING,"2025-07-27 21:26:15",NULL,NULL,NULL
260,41,1753651577834,PENDING,"2025-07-27 21:26:18",NULL,NULL,NULL
261,41,1753651641579,PENDING,"2025-07-27 21:27:22",NULL,NULL,NULL
262,41,1753651711710,Shipping,"2025-07-27 21:28:32",NULL,NULL,NULL
263,41,1753651744446,PENDING,"2025-07-27 21:29:04",NULL,NULL,NULL
264,41,1753652017779,PENDING,"2025-07-27 21:33:38",NULL,NULL,NULL
265,41,1753652200339,PENDING,"2025-07-27 21:36:40",NULL,NULL,NULL
266,41,1753652284198,Shipping,"2025-07-27 21:38:04",NULL,NULL,NULL
267,42,1753652759124,PENDING,"2025-07-27 21:45:59",NULL,NULL,NULL
268,42,1753653913211,Shipping,"2025-07-27 22:05:13",NULL,NULL,NULL
269,42,1753653946247,PENDING,"2025-07-27 22:05:46",NULL,NULL,NULL
270,42,1753654725931,Shipping,"2025-07-27 22:18:46",NULL,NULL,NULL
271,42,1753654758963,PENDING,"2025-07-27 22:19:19",NULL,NULL,NULL
272,42,1753655037866,PAID,"2025-07-27 22:23:58",NULL,NULL,NULL
273,42,1753660749017,PENDING,"2025-07-27 23:59:09",NULL,NULL,NULL
274,42,1753662738592,PENDING,"2025-07-28 00:32:19",NULL,NULL,NULL
275,42,1753663068294,PAID,"2025-07-28 00:37:48",NULL,NULL,NULL
276,42,1753663069981,PENDING,"2025-07-28 00:37:50",NULL,NULL,NULL
277,42,1753666576639,Shipping,"2025-07-28 01:36:17",NULL,NULL,NULL
278,42,1753666658290,PAID,"2025-07-28 01:37:38",NULL,NULL,NULL
