id,order_id,payment_method_id,customer_id,status,paid_at
1,1,1,1,Paid,"2025-06-22 11:39:08"
2,2,2,1,Paid,"2025-06-21 11:39:08"
3,3,2,1,Pending,NULL
4,4,1,1,Failed,"2025-06-20 11:39:08"
19,37,NULL,7,PAID,"2025-07-04 03:36:45"
20,39,NULL,10,PAID,"2025-07-04 03:41:21"
50,121,NULL,1,PENDING_COD,NULL
51,123,NULL,1,PENDING_COD,NULL
52,124,NULL,1,PENDING_COD,NULL
53,125,NULL,1,PENDING_COD,NULL
54,127,NULL,1,PENDING_COD,NULL
55,126,NULL,1,PENDING_COD,NULL
56,129,NULL,1,PENDING_COD,NULL
57,130,NULL,1,PENDING_COD,NULL
65,188,NULL,7,PENDING_COD,NULL
66,189,NULL,7,PENDING_COD,NULL
70,245,NULL,1,PENDING_COD,NULL
71,262,NULL,41,PENDING_COD,NULL
72,266,NULL,41,PENDING_COD,NULL
73,268,NULL,42,PENDING_COD,NULL
74,270,NULL,42,PENDING_COD,NULL
75,277,NULL,42,PENDING_COD,NULL
