id,question,answer,updated_by
1,"Có hỗ trợ đổi trả không?","Có, trong vòng 7 ngày kể từ khi nhận hàng.",1
2,"Thời gian giao hàng là bao lâu?","Thông thường từ 2–5 ngày tùy khu vực và phương thức giao hàng.",1
3,"Có hỗ trợ giao hàng nhanh không?","Có, bạn có thể chọn phương thức giao hàng nhanh khi đặt hàng.",1
4,"Làm sao để biết chim của tôi phù hợp với loại thức ăn nào?","Bạn có thể xem mô tả sản phẩm hoặc liên hệ với nhân viên tư vấn.",1
5,"Có cần tạo tài khoản để mua hàng không?","Có vì tạo tài khoản sẽ giúp bạn theo dõi đơn hàng dễ dàng hơn.",1
